{
    "common": {
        "App.Name.Text": "EriTracker",
        "App.Headline.Text": "EriTracker"
    },
    "labels": {
        "main":{
            "Label.ChooseServices.Text": "Please choose what service you wish to have",
            "Label.Parking.Text": "Parking",
            "Label.Refuelling.Text": "Refuelling",
            "Label.Charging.Text": "Charging",
            "Label.Coffee.Text": "Coffee",
            "Label.Food.Text": "Food",
            "Label.Save.Text": "Save"
        },
        "list": {
            "Column.Name.Text": "Name",
            "Column.Distance.Text": "Distance",
            "Column.Service.Text": "Service"
        },
        "tracker": {
            "Label.Navigation.Text": "Start Navigation"
        }
    }
}